time,jogos_casa,gols_marcados_casa,gols_sofridos_casa,xg_casa,vitorias_casa,jogos_fora,gols_marcados_fora,gols_sofridos_fora,xg_fora,vitorias_fora,jogos_totais,saldo_gols_casa,saldo_gols_fora,vantagem_casa,cluster,perfil_cluster
Sweden,1,5.0,1.0,3.12,1,3,0.6666666666666666,3.0,0.8333333333333334,0,4,4.0,-2.3333333333333335,6.333333333333334,2,Equilibrados
Senegal,1,5.0,0.0,3.01,1,3,1.6666666666666667,3.0,2.0366666666666666,0,4,5.0,-1.3333333333333333,6.333333333333333,2,Equilibrados
Qatar,1,1.0,1.0,0.78,0,2,0.5,4.5,0.585,0,3,0.0,-4.0,4.0,0,Discretos/eliminados cedo
Bosnia and Herzegovina,1,3.0,1.0,1.48,1,3,0.6666666666666666,2.3333333333333335,0.7033333333333333,0,4,2.0,-1.666666666666667,3.666666666666667,2,Equilibrados
Austria,1,3.0,1.0,1.98,1,3,1.0,2.6666666666666665,0.77,0,4,2.0,-1.6666666666666665,3.6666666666666665,2,Equilibrados
Germany,3,3.3333333333333335,1.0,2.4633333333333334,2,1,1.0,2.0,1.55,0,4,2.3333333333333335,-1.0,3.3333333333333335,2,Equilibrados
Congo DR,1,3.0,1.0,2.35,1,3,0.6666666666666666,1.3333333333333333,0.83,0,4,2.0,-0.6666666666666666,2.6666666666666665,2,Equilibrados
Switzerland,4,2.0,0.5,1.595,3,2,1.0,2.0,1.0350000000000001,0,6,1.5,-1.0,2.5,2,Equilibrados
Türkiye,2,1.5,1.5,1.01,1,1,0.0,2.0,0.72,0,3,0.0,-2.0,2.0,1,Ofensivos irregulares
USA,4,2.25,1.25,1.4849999999999999,3,1,2.0,3.0,1.45,0,5,1.0,-1.0,2.0,3,Elite (ataque e defesa fortes)
South Korea,1,2.0,1.0,1.45,1,2,0.0,1.0,0.9849999999999999,0,3,1.0,-1.0,2.0,1,Ofensivos irregulares
Australia,2,1.5,0.5,1.175,1,2,0.0,1.0,0.4,0,4,1.0,-1.0,2.0,1,Ofensivos irregulares
Ecuador,2,1.0,0.5,1.6,1,2,0.0,1.5,0.84,0,4,0.5,-1.5,2.0,1,Ofensivos irregulares
Saudi Arabia,1,1.0,1.0,0.85,0,2,0.0,2.0,0.315,0,3,0.0,-2.0,2.0,1,Ofensivos irregulares
Ghana,1,1.0,0.0,1.3,1,3,0.3333333333333333,1.0,0.63,0,4,1.0,-0.6666666666666667,1.6666666666666667,1,Ofensivos irregulares
Croatia,1,2.0,1.0,0.42,1,3,1.3333333333333333,2.0,1.4866666666666666,1,4,1.0,-0.6666666666666667,1.6666666666666667,1,Ofensivos irregulares
Morocco,1,4.0,2.0,2.35,1,5,1.2,0.8,0.9380000000000001,2,6,2.0,0.3999999999999999,1.6,2,Equilibrados
Haiti,1,0.0,1.0,1.25,0,2,1.0,3.5,1.01,0,3,-1.0,-2.5,1.5,1,Ofensivos irregulares
Uzbekistan,1,1.0,3.0,0.95,0,2,0.5,4.0,0.31,0,3,-2.0,-3.5,1.5,0,Discretos/eliminados cedo
Algeria,1,3.0,3.0,1.62,0,3,0.6666666666666666,2.0,1.0233333333333332,1,4,0.0,-1.3333333333333335,1.3333333333333335,2,Equilibrados
Portugal,4,2.0,0.75,2.0875,2,1,0.0,0.0,0.73,0,5,1.25,0.0,1.25,2,Equilibrados
Argentina,5,2.8,1.0,2.148,5,3,1.6666666666666667,1.0,1.6033333333333333,2,8,1.7999999999999998,0.6666666666666667,1.133333333333333,2,Equilibrados
Canada,3,2.3333333333333335,1.3333333333333333,1.99,1,2,1.0,1.0,1.335,1,5,1.0000000000000002,0.0,1.0000000000000002,2,Equilibrados
Curaçao,1,0.0,2.0,0.32,0,2,0.5,3.5,0.26,0,3,-2.0,-3.0,1.0,0,Discretos/eliminados cedo
Tunisia,2,0.5,3.5,0.485,0,1,1.0,5.0,0.78,0,3,-3.0,-4.0,1.0,0,Discretos/eliminados cedo
South Africa,2,0.5,0.5,0.6950000000000001,1,2,0.5,1.5,0.835,0,4,0.0,-1.0,1.0,1,Ofensivos irregulares
Iraq,1,1.0,4.0,0.68,0,2,0.0,4.0,0.29500000000000004,0,3,-3.0,-4.0,1.0,0,Discretos/eliminados cedo
Jordan,2,1.0,2.5,0.8200000000000001,0,1,1.0,3.0,0.88,0,3,-1.5,-2.0,0.5,0,Discretos/eliminados cedo
Spain,5,2.0,0.2,2.318,4,3,1.3333333333333333,0.0,1.4666666666666668,3,8,1.8,1.3333333333333333,0.4666666666666668,2,Equilibrados
Cabo Verde,1,0.0,0.0,0.42,0,3,1.3333333333333333,1.6666666666666667,0.6366666666666667,0,4,0.0,-0.3333333333333335,0.3333333333333335,1,Ofensivos irregulares
Paraguay,2,0.0,0.5,0.42500000000000004,0,3,1.0,1.6666666666666667,0.5333333333333333,1,5,-0.5,-0.6666666666666667,0.16666666666666674,1,Ofensivos irregulares
IR Iran,1,2.0,2.0,1.88,0,2,0.5,0.5,0.77,0,3,0.0,0.0,0.0,2,Equilibrados
Egypt,1,1.0,1.0,0.85,0,4,1.75,1.5,1.4325,1,5,0.0,0.25,-0.25,1,Ofensivos irregulares
Colombia,3,0.6666666666666666,0.0,1.8099999999999998,2,2,1.5,0.5,1.475,1,5,0.6666666666666666,1.0,-0.33333333333333337,1,Ofensivos irregulares
Côte d'Ivoire,2,1.0,1.0,1.125,1,2,1.5,1.0,1.2,1,4,0.0,0.5,-0.5,1,Ofensivos irregulares
Czechia,2,0.5,2.0,1.225,0,1,1.0,2.0,1.12,0,3,-1.5,-1.0,-0.5,1,Ofensivos irregulares
Uruguay,2,1.0,1.5,1.2149999999999999,0,1,1.0,1.0,1.76,0,3,-0.5,0.0,-0.5,1,Ofensivos irregulares
Panama,2,0.0,1.5,0.5549999999999999,0,1,0.0,1.0,0.75,0,3,-1.5,-1.0,-0.5,1,Ofensivos irregulares
Netherlands,3,2.6666666666666665,1.3333333333333333,1.876666666666667,1,1,3.0,1.0,2.15,1,4,1.3333333333333333,2.0,-0.6666666666666667,3,Elite (ataque e defesa fortes)
England,4,1.75,1.25,1.655,2,4,3.25,1.75,1.71,4,8,0.5,1.5,-1.0,3,Elite (ataque e defesa fortes)
France,6,2.5,1.5,2.1333333333333333,4,2,2.5,0.5,1.38,2,8,1.0,2.0,-1.0,3,Elite (ataque e defesa fortes)
Japan,1,1.0,1.0,1.12,0,3,2.3333333333333335,1.3333333333333333,1.7233333333333336,1,4,0.0,1.0000000000000002,-1.0000000000000002,3,Elite (ataque e defesa fortes)
Belgium,3,1.3333333333333333,1.0,1.5899999999999999,1,3,3.3333333333333335,1.3333333333333333,2.233333333333333,2,6,0.33333333333333326,2.0,-1.6666666666666667,3,Elite (ataque e defesa fortes)
Mexico,4,1.75,0.75,1.59,3,1,3.0,0.0,1.27,1,5,1.0,3.0,-2.0,3,Elite (ataque e defesa fortes)
Brazil,4,1.75,1.0,1.77,2,1,3.0,0.0,2.18,1,5,0.75,3.0,-2.25,3,Elite (ataque e defesa fortes)
Norway,3,1.6666666666666667,2.6666666666666665,1.3399999999999999,1,3,2.6666666666666665,1.0,1.9733333333333334,3,6,-0.9999999999999998,1.6666666666666665,-2.666666666666666,3,Elite (ataque e defesa fortes)
New Zealand,2,1.0,4.0,0.515,0,1,2.0,2.0,1.2,0,3,-3.0,0.0,-3.0,0,Discretos/eliminados cedo
Scotland,2,0.0,2.0,0.71,0,1,1.0,0.0,0.65,1,3,-2.0,1.0,-3.0,1,Ofensivos irregulares
